Task Name,Client Name,Status,Last Updated,Completed Date,Description,Assignee
Website SEO Audit,Acme Corp,Completed,2025-08-09,2025-08-08,Performed a full SEO audit for homepage,John Doe
Mobile App Bug Fix,Acme Corp,In Progress,2025-08-10,,Fixing crash in login screen,Sarah Lee
Email Campaign Setup,Acme Corp,Completed,2025-08-07,2025-08-07,Created and scheduled newsletter email campaign,Michael Smith
Landing Page Redesign,Acme Corp,In Progress,2025-08-09,,Redesigning the landing page for better conversions,Anna Brown
Database Optimization,Beta LLC,Completed,2025-08-06,2025-08-06,Optimized queries for faster database performance,David Clark
UI Bug Fix - Checkout,Beta LLC,Completed,2025-08-08,2025-08-08,Fixed CSS issues on checkout page,Emily White
Marketing Strategy Call,Beta LLC,In Progress,2025-08-10,,Planning Q3 marketing campaigns,Sophia Johnson
Security Patch Deployment,Gamma Inc,Completed,2025-08-05,2025-08-05,Applied critical security patches to production servers,James Wilson
Feature Testing - Beta App,Gamma Inc,In Progress,2025-08-09,,Testing new beta app features,Olivia Martinez
Customer Feedback Analysis,Gamma Inc,Completed,2025-08-08,2025-08-08,Analyzed feedback from last customer survey,William Taylor
New Blog Post Creation,Delta Ltd,Completed,2025-08-06,2025-08-06,Wrote and published new product blog post,Isabella Garcia
Social Media Ad Design,Delta Ltd,In Progress,2025-08-09,,Designing Facebook and Instagram ads,Liam Brown
Backend API Update,Epsilon LLC,Completed,2025-08-07,2025-08-07,Updated backend API to support new features,Mia Thompson
Frontend UI Polish,Epsilon LLC,In Progress,2025-08-10,,Improving UI components for better UX,Noah Anderson
Data Migration to Cloud,Zeta Solutions,Completed,2025-08-05,2025-08-05,Migrated data to AWS cloud storage,Charlotte White
Integration Testing,Zeta Solutions,In Progress,2025-08-09,,Running integration tests on staging environment,Benjamin Lewis
Client Onboarding Call,Omega Corp,Completed,2025-08-06,2025-08-06,Hosted onboarding call for new client,Amelia Robinson
Market Research Report,Omega Corp,Completed,2025-08-08,2025-08-08,Prepared detailed competitor analysis report,Lucas Harris
App Store Listing Update,Sigma Ltd,In Progress,2025-08-10,,Updating app description and screenshots,Harper Young
Quarterly Performance Review,Sigma Ltd,Completed,2025-08-07,2025-08-07,Reviewed Q2 performance metrics with stakeholders,Ethan Scott
UX Research Interviews,Theta Tech,In Progress,2025-08-09,,Conducting interviews with target users for feedback,Grace Adams
Server Load Balancing,Theta Tech,Completed,2025-08-06,2025-08-06,Configured load balancers for improved uptime,Henry Carter
Ad Campaign Performance Review,Lambda Media,Completed,2025-08-08,2025-08-08,Analyzed ROI of Q2 ad campaigns,Victoria Evans
Customer Support SOP Update,Lambda Media,In Progress,2025-08-10,,Updating internal customer support documentation,Jack Foster
